label,text
1,"Dear customer aapka YONO account lock ho gaya hai, unlock karne ke liye abhi details bharein yono-unlock.co"
1,"Aapka bank khata 2 ghante mein freeze ho jayega, Aadhaar update karne ke liye link par jaye"
1,"Bhai mere account mein galti se 3000 aa gaye tumhare, wapas bhej do please, request daal raha hoon"
1,"Galat number pe paise chale gaye 7500, aap please refund kar do, maine collect request bheja hai"
1,"Sir main CRPF se hoon, aapki bike khareedni hai, advance dene ke liye QR scan karke 10 rs bhejo"
1,"Mera transfer ho gaya hai, furniture bechna hai sasta, pehle token amount 2000 bhej do booking ke liye"
1,"Beta main tumhare chacha ka dost bol raha hoon, unhone paise bheje hain, verification code aaya hoga wo batao"
1,"Aapke mobile pe ek code aaya hoga galti se, please wo code mujhe forward kar do jaldi"
1,"Part time kaam karo, Instagram posts like karke roz 2500 kamao, shuru karne ke liye 500 jama karo"
1,"Work from home: product rating task, pehle 2000 invest karo aur 6000 wapas pao same din"
1,"Aapka bijli bill pending hai, aaj raat supply band kar di jayegi, lineman se baat karo turant"
1,"Light connection kat jayega aaj, bill update ke liye is number pe WhatsApp karo"
1,"Badhai ho, aapka mobile number Jio lucky draw mein jeeta hai 12 lakh, tax ke 6500 jama karein"
1,"Aapko 50 lakh ka inaam laga hai, prize lene ke liye GST charge 8000 bhejein"
1,"Turant loan pao 1 lakh tak, CIBIL zaroori nahi, bas 799 file charge do aur paisa account mein"
1,"Aapke courier mein illegal saman mila hai, Mumbai police aapse baat karegi, video call join karo"
1,"Narcotics department se call hai, aapke Aadhaar se parcel bheja gaya, case band karne ke liye fine bharo"
1,"Aapka cashback 1500 ready hai, lene ke liye apna UPI PIN enter karo, paisa turant aayega"
1,"Refund pane ke liye PIN daalna padega, request aayi hai accept kar lo"
1,"Aapka WhatsApp band ho jayega, verify karne ke liye 6 digit code bhejo"
1,"Aapki electricity subsidy ka paisa aana hai, account verify karne ke liye app download karo"
1,"Customer care se bol raha hoon, aapka refund atka hai, Quick Support app daal ke code batao"
1,"Main aapka beta hoon, ye mera dusra number hai, hospital mein hoon, 15000 abhi bhej do"
1,"Didi main naye number se message kar raha hoon, ek emergency hai, jaldi 5000 transfer karo"
1,"Aapka DTH recharge expire, free offer pane ke liye link pe click karke card details daalo"
1,"Aapka ration card band hone wala hai, e-KYC karne ke liye 20 rupay is link pe bhejein"
1,"KBC head office se Rana Pratap bol raha hoon, aapka lottery number lag gaya hai, WhatsApp karo"
1,"Aapke credit card ki limit badh gayi hai, activate karne ke liye CVV aur expiry batayein"
1,"प्रिय उपभोक्ता, आपका योनो खाता लॉक हो गया है। अनलॉक करने के लिए तुरंत लिंक पर अपनी जानकारी भरें।"
1,"आपका बैंक खाता आज बंद हो जाएगा, आधार अपडेट करने के लिए अभी कॉल करें।"
1,"मैंने गलती से आपके खाते में 3000 रुपये भेज दिए हैं, कृपया वापस कर दें।"
1,"आपको 50 लाख का इनाम मिला है, इनाम लेने के लिए जीएसटी शुल्क जमा करें।"
1,"बिना सिबिल के तुरंत लोन पाएं, बस फाइल चार्ज जमा करें और पैसा पाएं।"
1,आपके कूरियर में अवैध सामान मिला है। पुलिस वीडियो कॉल पर आपसे बात करेगी।
1,"आपका कैशबैक तैयार है, पाने के लिए अपना पिन दर्ज करें।"
1,"आपका बिजली बिल बकाया है, आज रात बिजली काट दी जाएगी, तुरंत संपर्क करें।"
1,"घर से काम करें और रोज़ 2500 कमाएं, शुरू करने के लिए 500 रुपये जमा करें।"
1,"आपके मोबाइल पर आया छह अंकों का कोड तुरंत हमें भेजें, वरना आपका खाता बंद हो जाएगा।"
1,"केवाईसी अपडेट न होने के कारण आपका कार्ड ब्लॉक कर दिया गया है, अभी लिंक खोलें।"
1,"बधाई हो, आपका नंबर लकी ड्रा में चुना गया है, टैक्स जमा करके इनाम लें।"
1,Your SBI YONO account is temporarily locked. Re-verify your PAN immediately at yono-reverify.site
1,"Dear consumer, power supply will be cut at 10 pm due to unpaid bill. Contact electricity officer on WhatsApp"
1,Your traffic challan of Rs 2000 is pending. Pay now to avoid court notice: echallan-pay.xyz
1,You are eligible for a PM scheme benefit of Rs 6000. Register with your bank details at the link
1,"Your Amazon account has been charged Rs 45,000 for an iPhone. If not you, call refund desk now"
1,Mumbai Crime Branch: your phone number is involved in illegal activity. Stay on video call for digital arrest verification
1,Earn Rs 800 per task by subscribing to YouTube channels. Contact our HR team on Telegram
1,"Your insurance policy bonus of Rs 1,25,000 is ready. Pay Rs 2500 processing charge to release it"
1,"I sent Rs 4000 to your number by mistake, kindly return it. I have sent a payment request"
1,To receive your refund please enter your UPI PIN on the request that just arrived
1,"Your gas connection KYC is pending, the connection will be blocked. Update at gaskyc-update.in"
1,Congratulations! Your mobile number won Rs 15 lakh in the Airtel anniversary draw. Call to claim
0,A/c XX4411 debited Rs 120.00 on 05-09-26 to VPA zomato@icici. UPI Ref 520983174. Not you? SMS BLOCK to 5676791
0,"Dear Customer, Rs 35,000.00 credited to A/c XXXX8812 on 01-09-26 towards SALARY. Avl Bal Rs 41,220.17"
0,Your a/c no. XXXXXXXX3321 is credited by Rs.750.00 on 14-08-26 by a/c linked to VPA priya.k@oksbi
0,"INR 649.00 spent on ICICI Bank Card XX9921 on 22-Sep-26 at BIGBASKET. Avl Lmt INR 82,310.00"
0,Money sent! Rs 60 paid to Ramesh Kirana Store. UPI transaction ID 425819736201
0,"Rs 2,500 transferred from A/c XX7710 to A/c XX2093 via IMPS. Ref 625918374012. Bal Rs 18,904.25"
0,"Dear Customer, cheque no. 000214 for Rs 12,000 has been cleared in your A/c XX5510"
0,"Your FD of Rs 50,000 has been renewed for 12 months at 7.1% p.a. Maturity date 10-Sep-27"
0,"Auto-debit of Rs 1,199 for LIC premium processed successfully from A/c XX3007"
0,Payment of Rs 899 received for your Jio postpaid bill. Thank you
0,"Rs 15,000 withdrawn at SBI ATM, Koramangala on 12-Sep-26. Avl Bal Rs 22,016.80. Not you? Call 1800111109"
0,Your mandate for Rs 500 monthly SIP has been registered successfully
0,Rs 300 received from MOM via Google Pay. Ref 618273645190
0,Interest of Rs 412.50 credited to your savings A/c XX6612 for the quarter
0,"Your loan EMI of Rs 8,450 is due on 05-Oct-26. Please maintain sufficient balance in A/c XX4120"
0,"Debit card XX1902 used for Rs 1,050 at PVR Cinemas on 28-Sep-26. If not done by you, block card via app"
0,"Transaction successful: Rs 40 paid to Metro Card Recharge. Balance Rs 3,412.60"
0,"Dear customer, your credit card payment of Rs 6,842 has been received. Thank you"
0,"381920 is the OTP for your transaction of Rs 2,349 at Myntra. OTP valid for 5 mins. Do not share with anyone"
0,"Your verification code for PhonePe is 729104. Never share this code with anyone, not even PhonePe staff"
0,OTP to reset your Paytm password is 650183. It is valid for 10 minutes. Do not disclose it to anyone
0,Your login OTP for Groww is 448291. Don't share it with anyone
0,"Dear Customer, OTP for adding beneficiary in your NetBanking is 902731. Bank never asks for OTP"
0,Use code 2219 to confirm your BigBasket delivery. Share it only with the delivery executive
0,Your OTP for MakeMyTrip booking is 517420. Valid for 15 mins
0,OTP for e-sign of your document on DigiLocker is 384129. Do not share
0,Your Ola ride OTP is 8834. Share with driver to start the trip
0,Aapka OTP 662013 hai. Ise kisi ke saath share na karein. -Axis Bank
0,आपका ओटीपी 551902 है। इसे किसी के साथ साझा न करें।
0,Your Flipkart order of boAt earphones is out for delivery today
0,Your Zepto order will arrive in 9 minutes
0,Your BESCOM bill for Aug is Rs 960. Due date 18-Sep-26. Pay via BBPS or UPI
0,Your Airtel prepaid pack expires in 2 days. Recharge via the Airtel Thanks app
0,Your application for passport has been granted. Track status on the Passport Seva portal
0,Your vehicle KA 01 AB 1234 FASTag was charged Rs 85 at Electronic City toll plaza
0,Your Aadhaar update request has been accepted. URN 0912-8374-2615. Status in 30 days
0,Your blood test report is ready. Collect it from the lab reception or view it on our app
0,Train 12628 is running 25 minutes late. Expected arrival at SBC 21:40
0,"Your college fee of Rs 45,000 has been received. Receipt sent to your registered email"
0,Your gas cylinder booking is confirmed. Booking no 2391845. Delivery within 2 days
0,Your mutual fund statement for September is available on the app
0,Kal library chalega? Exam ki tayari karni hai
0,"Mummy ne bola aaj rajma chawal banega, jaldi ghar aa"
0,Bhai match dekh raha hai? Kya shot maara yaar
0,"Rent ke paise bhej diye maine landlord ko, tu apna share bhej de"
0,"Movie ke tickets book kar liye, 7 baje ka show hai"
0,"Uncle ko hospital le gaye the, ab theek hain, tension mat lo"
0,"Lab record kal submit karna hai, mera adha bacha hai"
0,"Ghar pahunch gaya, phone ki battery khatam ho gayi thi"
0,"Galti se tera msg seen chhod diya, sorry bhai busy tha"
0,"Paise mil gaye, thanks yaar, next week wapas kar dunga"
0,"Mera OTP nahi aa raha bank ka, tera aa jata hai kya time pe?"
0,आज खाने में क्या बना है? मैं आठ बजे तक पहुंचूंगा।
0,"नानी का फोन आया था, सबको याद कर रही थीं।"
0,"कल परीक्षा है, आज जल्दी सो जाना।"
0,"शादी में जरूर आना, सबको बुलाया है।"
0,"किराया दे दिया है, रसीद व्हाट्सएप कर दी है।"
0,"बारिश हो रही है, छाता लेकर निकलना।"
0,"दिवाली की बहुत शुभकामनाएं, परिवार सहित खुश रहें।"
